<?xml version="1.0" encoding="utf-8" standalone="yes" ?>
<Window size="450,320" sizebox="4,4,4,4" caption="0,0,0,30" mininfo="450,320" maxinfo="450,320" roundcorner="4,4">
    <VerticalLayout name="bg" bkimage="file=&apos;bg.bmp&apos; corner=&apos;5,5,5,5&apos;">
        <VerticalLayout name="layout_main" bkimage="file=&apos;border.png&apos; corner=&apos;5,5,5,5&apos;">
            <HorizontalLayout name="layout_tittle" height="30">
                <Container width="5" />
                <Label name="Label_logo" width="24" height="24" padding="0,3,0,0" bkimage="file=&apos;logo.png&apos; mask=&apos;0xffffffff&apos;" textcolor="#FF000000" disabledtextcolor="#FFA7A6AA" />
                <Label name="Label_title" text="一对一音视频" textpadding="5,0,0,0" textcolor="#FF000000" disabledtextcolor="#FFA7A6AA" font="0" />
                <Button name="btn_mini" width="28" height="19" textcolor="#FF000000" disabledtextcolor="#FFA7A6AA" align="center" normalimage="btn_mini_normal.png" hotimage="btn_mini_highlight.png" pushedimage="btn_mini_down.png" />
                <Button name="btn_close" width="39" height="19" textcolor="#FF000000" disabledtextcolor="#FFA7A6AA" align="center" normalimage="btn_close_normal.png" hotimage="btn_close_highlight.png" pushedimage="btn_close_down.png" />
            </HorizontalLayout>
          <VerticalLayout name="layout_login">
            <Container name="ctrl_ad" width="448" height="100" padding="1,0,1,0" bkcolor="#FFC0E4FC" />
            <Container name="login_area">
              <VerticalLayout>
                <Control height="10" />
                <HorizontalLayout height="30" padding="50,0,30,0">
                  <Label text="账  号：" width="80" textcolor="#FF000000" disabledtextcolor="#FFA7A6AA" align="center" />
                  <Edit name="edit_user" height="30" bkcolor="#FFFFFFFF" bordercolor="#00C0E4FC" textpadding="4,3,4,3" textcolor="#FF000000" disabledtextcolor="#FFA7A6AA" />
                  <Button text="{u}{l}注册账号{/l}{/u}" tooltip="如果你还没有账号，请点击注册一个账号" width="80" height="30" textcolor="#FF000000" disabledtextcolor="#FFA7A6AA" showhtml="true" align="center" />
                </HorizontalLayout>
                <Control height="5" />
                <HorizontalLayout height="30" padding="50,0,30,0">
                  <Label text="密  码：" width="80" textcolor="#FF000000" disabledtextcolor="#FFA7A6AA" align="center" />
                  <Edit name="edit_pass" height="30" bkcolor="#FFFFFFFF" bordercolor="#00C0E4FC" textpadding="4,3,4,3" textcolor="#FF000000" disabledtextcolor="#FFA7A6AA" password="true" />
                  <Button text="{u}{l}找回密码{/l}{/u}" tooltip="如果你忘记了密码，请点击找回密码" width="80" height="30" textcolor="#FF000000" disabledtextcolor="#FFA7A6AA" showhtml="true" align="center" />
                </HorizontalLayout>
                <Control height="5" />
                <HorizontalLayout height="30" padding="50,0,30,0">
                  <Label text="服务器：" width="80" textcolor="#FF000000" disabledtextcolor="#FFA7A6AA" align="center" />
                  <Edit name="edit_server" text="127.0.0.1" width="210" height="30" bkcolor="#FFFFFFFF" bordercolor="#00C0E4FC" textpadding="4,3,4,3" textcolor="#FF000000" disabledtextcolor="#FFA7A6AA" />
                  <Button name="btn_reset" text="{u}{l}恢复默认{/l}{/u}" tooltip="如果你忘记了密码，请点击找回密码" width="80" height="30" textcolor="#FF000000" disabledtextcolor="#FFA7A6AA" showhtml="true" align="center" />
                </HorizontalLayout>
                <Control width="450" height="22" />
                <HorizontalLayout>
                  <Control />
                  <Button name="btn_login" text="登录" width="70" height="28" textcolor="#FF000000" disabledtextcolor="#FFA7A6AA" align="center" normalimage="login_btn_normal.png" hotimage="login_btn_highlight.png" pushedimage="login_btn_down.png" focusedimage="login_btn_focus.png" />
                  <Control />
                </HorizontalLayout>
              </VerticalLayout>
            </Container>
          </VerticalLayout>
            <VerticalLayout name="layout_work">
                <HorizontalLayout height="20" />
                <HorizontalLayout text="work" padding="20,0,20,0">
                  <List name="ListRooms" bkcolor="#FFFFFFFF" inset="0,0,0,0" itemshowhtml="true" vscrollbar="true" hscrollbar="true" headerbkimage="file='list_header_bg.png'" itemalign="center" itembkcolor="#FFE2DDDF" itemaltbk="true" hscrollbar="false" menu="true">
                      <ListHeader height="24" menu="true">
                        <ListHeaderItem text="用户ID" width="50" minwidth="50" textcolor="#FF000000" sepwidth="1" align="center" hotimage="file=&apos;list_header_hot.png&apos;" pushedimage="file=&apos;list_header_pushed.png&apos;" sepimage="file=&apos;list_header_sep.png&apos;" />
                        <ListHeaderItem text="用户名" width="140" minwidth="140" textcolor="#FF000000" sepwidth="1" align="center" hotimage="file=&apos;list_header_hot.png&apos;" pushedimage="file=&apos;list_header_pushed.png&apos;" sepimage="file=&apos;list_header_sep.png&apos;" />
                        <ListHeaderItem text="用户状态" width="140" minwidth="60" textcolor="#FF000000" sepwidth="1" align="center" hotimage="file=&apos;list_header_hot.png&apos;" pushedimage="file=&apos;list_header_pushed.png&apos;" sepimage="file=&apos;list_header_sep.png&apos;" />
                      </ListHeader>
                    </List>
                    <HorizontalLayout width="90">
                        <Container width="15" />
                        <Button name="btn_video" text="视频通话" height="25" textcolor="#FF000000" disabledtextcolor="#FFA7A6AA" align="center" normalimage="login_btn_normal.png" hotimage="login_btn_highlight.png" pushedimage="login_btn_down.png" focusedimage="login_btn_focus.png" />
                    </HorizontalLayout>
                </HorizontalLayout>
            </VerticalLayout>
            <VerticalLayout name="layout_stream">
                <HorizontalLayout height="20" />
                <HorizontalLayout text="work" padding="20,0,20,0">
                    <Control name="ctrl_video" />
                    <HorizontalLayout width="90">
                        <Container width="15" />
                        <Button name="btn_endcall" text="结束通话" height="25" textcolor="#FF000000" disabledtextcolor="#FFA7A6AA" align="center" normalimage="login_btn_normal.png" hotimage="login_btn_highlight.png" pushedimage="login_btn_down.png" focusedimage="login_btn_focus.png" />
                    </HorizontalLayout>
                </HorizontalLayout>
            </VerticalLayout>
            <HorizontalLayout name="layout_bottom" height="30">
                <Container width="20" height="30" />
                <Label name="label_tip" textcolor="#FF000000" disabledtextcolor="#FFA7A6AA" />
            </HorizontalLayout>
        </VerticalLayout>
    </VerticalLayout>
</Window>
